Abilene,TX
Akron,OH
Albany,NY
Albuquerque,NM
Alexandria,VA
Allentown,PA
Amarillo,TX
Anaheim,CA
Anchorage,AK
Ann Arbor,MI
Arlington,VA
Arlington,TX
Atlanta,GA
Aurora,CO
Austin,TX
Bakersfield,CA
Baltimore,MD
Baton Rouge,LA
Beaumont,TX
Berkeley,CA
Birmingham,AL
Boise,ID
Boston,MA
Bridgeport,CT
Buffalo,NY
Cedar Rapids,IA
Charlotte,NC
Chattanooga,TN
Chesapeake,VA
Chicago,IL
Chula Vista,CA
Cincinnati,OH
Citrus Heights,CA
Cleveland,OH
Colorado Springs,CO
Columbus,OH
Columbus,GA
Concord,CA
Corpus Christi,TX
Dallas,TX
Dayton,OH
Denver,CO
Des Moines,IA
Detroit,MI
Durham,NC
East Los Angeles,CA
El Monte,CA
El Paso,TX
Elizabeth,NJ
Erie,PA
Escondido,CA
Eugene,OR
Evansville,IN
Flint,MI
Fort Lauderdale,FL
Fort Wayne,IN
Fort Worth,TX
Fremont,CA
Fresno,CA
Fullerton,CA
Garden Grove,CA
Garland,TX
Gary,IN
Glendale,CA
Glendale,AZ
Grand Rapids,MI
Greensboro,NC
Hampton,VA
Hartford,CT
Hayward,CA
Hialeah,FL
Hollywood,FL
Honolulu,HI
Houston,TX
Huntington Beach,CA
Huntsville,AL
Independence,MO
Indianapolis,IN
Inglewood,CA
Irvine,CA
Irving,TX
Jackson,MS
Jacksonville,FL
Jersey,NJ
Kansas,KS
Kansas,MO
Knoxville,TN
Lakewood,CO
Lansing,MI
Laredo,TX
Las Vegas,NV
Lexington-Fayette,KY
Lincoln,NE
Little Rock,AR
Livonia,MI
Long Beach,CA
Los Angeles,CA
Louisville,KY
Lowell,MA
Lubbock,TX
Macon,GA
Madison,WI
Memphis,TN
Mesa,AZ
Mesquite,TX
Metairie,LA
Miami,FL
Milwaukee,WI
Minneapolis,MN
Mobile,AL
Modesto,CA
Montgomery,AL
Moreno Valley,CA
Nashville-Davidson,TN
New Haven,CT
New Orleans,LA
New York,NY
Newark,NJ
Newport News,VA
Norfolk,VA
Oakland,CA
Oceanside,CA
Oklahoma,OK
Omaha,NE
Orange,CA
Orlando,FL
Overland Park,KS
Oxnard,CA
Paradise,NV
Pasadena,CA
Pasadena,TX
Paterson,NJ
Peoria,IL
Philadelphia,PA
Phoenix,AZ
Pittsburgh,PA
Plano,TX
Pomona,CA
Portland,OR
Portsmouth,VA
Providence,RI
Raleigh,NC
Rancho Cucamonga,CA
Reno,NV
Reston,VA
Richmond,VA
Riverside,CA
Rochester,NY
Rockford,IL
Sacramento,CA
Salem,OR
Salinas,CA
Salt Lake,UT
San Antonio,TX
San Bernardino,CA
San Diego,CA
San Francisco,CA
San Jose,CA
Santa Ana,CA
Santa Clarita,CA
Santa Rosa,CA
Savannah,GA
Scottsdale,AZ
Seattle,WA
Shreveport,LA
Simi Valley,CA
Sioux Falls,SD
South Bend,IN
Spokane,WA
Springfield,IL
Springfield,MO
Springfield,MA
Stamford,CT
Sterling Heights,MI
Stockton,CA
St. Louis,MO
St. Paul,MN
St. Petersburg,FL
Sunnyvale,CA
Syracuse,NY
Tacoma,WA
Tallahassee,FL
Tampa,FL
Tempe,AZ
Thousand Oaks,CA
Toledo,OH
Topeka,KS
Torrance,CA
Tucson,AZ
Tulsa,OK
Vallejo,CA
Virginia Beach,VA
Waco,TX
Warren,MI
Washington,DC
Waterbury,CT
Wichita,KS
Winston-Salem,NC
Worcester,MA
Yonkers,NY